/*Generated by xorm v0.7.0.0504 2018-12-27 17:02:30, from postgres to POSTGRES*/

CREATE TABLE IF NOT EXISTS "admin" ("id" SERIAL PRIMARY KEY  NOT NULL, "email" VARCHAR(255) NULL, "name" VARCHAR(255) NULL, "password" VARCHAR(255) NULL, "admin_role_id" BIGINT NULL, "last_login_ip" VARCHAR(32) NULL, "last_login_time" VARCHAR(255) NULL, "login_count" INTEGER NULL, "is_lock" BOOL DEFAULT false NULL, "describe" VARCHAR(255) NULL, "created_at" TIMESTAMP NULL, "updated_at" TIMESTAMP NULL);
CREATE UNIQUE INDEX "UQE_admin_name" ON "admin" ("name");
CREATE INDEX "IDX_admin_admin_role_id" ON "admin" ("admin_role_id");
INSERT INTO "admin" ("id", "email", "name", "password", "admin_role_id", "last_login_ip", "last_login_time", "login_count", "is_lock", "describe", "created_at", "updated_at") VALUES (2, 'qing@admin.com', 'qing', '21232f297a57a5a743894a0e4a801fc3', 2, '127.0.0.1', '19106-10-19 20:36:24', 0, false, '', '2018-10-19 20:36:24 +0000 +0000', '2018-12-19 11:01:06 +0000 +0000');
INSERT INTO "admin" ("id", "email", "name", "password", "admin_role_id", "last_login_ip", "last_login_time", "login_count", "is_lock", "describe", "created_at", "updated_at") VALUES (1, 'admin@admin.com', 'admin', '21232f297a57a5a743894a0e4a801fc3', 1, '127.0.0.1', '19106-10-19 20:36:24', 16, false, '', '2018-10-19 20:36:24 +0000 +0000', '2018-12-27 15:50:01 +0000 +0000');
SELECT setval('table_id_seq', COALESCE((SELECT MAX(id) FROM "admin"), 1), false);

CREATE TABLE IF NOT EXISTS "admin_navigation" ("id" SERIAL PRIMARY KEY  NOT NULL, "url" VARCHAR(255) NULL, "title" VARCHAR(255) NULL, "parent_id" INTEGER NULL, "is_show" BOOL DEFAULT true NULL, "is_sys" BOOL DEFAULT true NULL, "sort" INTEGER NULL, "created_at" TIMESTAMP NULL, "updated_at" TIMESTAMP NULL);
CREATE INDEX "IDX_admin_navigation_title" ON "admin_navigation" ("title");
INSERT INTO "admin_navigation" ("id", "url", "title", "parent_id", "is_show", "is_sys", "sort", "created_at", "updated_at") VALUES (3, '/admin/group_send/list', '大赛公告', 0, true, true, 99, '2018-10-19 21:04:54 +0000 +0000', '2018-12-12 21:36:40 +0000 +0000');
INSERT INTO "admin_navigation" ("id", "url", "title", "parent_id", "is_show", "is_sys", "sort", "created_at", "updated_at") VALUES (4, '/admin/user/list', '首页', 3, true, false, 99, '2018-10-19 21:10:26 +0000 +0000', '2018-12-12 21:34:02 +0000 +0000');
INSERT INTO "admin_navigation" ("id", "url", "title", "parent_id", "is_show", "is_sys", "sort", "created_at", "updated_at") VALUES (5, '', '内容管理', 0, true, true, 99, '2018-10-19 21:14:11 +0000 +0000', '2018-12-12 21:37:42 +0000 +0000');
INSERT INTO "admin_navigation" ("id", "url", "title", "parent_id", "is_show", "is_sys", "sort", "created_at", "updated_at") VALUES (8, '/admin/user/list', '内容管理', 0, true, false, 99, '2018-12-19 10:24:25 +0000 +0000', '2018-12-19 10:24:25 +0000 +0000');
INSERT INTO "admin_navigation" ("id", "url", "title", "parent_id", "is_show", "is_sys", "sort", "created_at", "updated_at") VALUES (7, '/admin/user_tree/list', '首页', 0, true, true, 99, '2018-12-19 10:22:30 +0000 +0000', '2018-12-19 10:32:49 +0000 +0000');
INSERT INTO "admin_navigation" ("id", "url", "title", "parent_id", "is_show", "is_sys", "sort", "created_at", "updated_at") VALUES (6, '', 'redis缓存成功', 3, true, false, 5, '2018-11-06 20:19:03 +0000 +0000', '2018-12-19 10:49:56 +0000 +0000');
SELECT setval('table_id_seq', COALESCE((SELECT MAX(id) FROM "admin_navigation"), 1), false);

CREATE TABLE IF NOT EXISTS "admin_navigation_node" ("id" SERIAL PRIMARY KEY  NOT NULL, "admin_navigation_id" INTEGER NULL, "route_action" VARCHAR(255) NULL, "title" VARCHAR(255) NULL, "sort" INTEGER NULL, "created_at" TIMESTAMP NULL, "updated_at" TIMESTAMP NULL);
INSERT INTO "admin_navigation_node" ("id", "admin_navigation_id", "route_action", "title", "sort", "created_at", "updated_at") VALUES (8, 4, 'app/controllers/background.GetUserList', '添加', 1, '2018-12-12 21:34:02 +0000 +0000', '2018-12-12 21:34:02 +0000 +0000');
INSERT INTO "admin_navigation_node" ("id", "admin_navigation_id", "route_action", "title", "sort", "created_at", "updated_at") VALUES (9, 4, 'app/controllers/background.GetUserCreate', '创建', 2, '2018-12-12 21:34:02 +0000 +0000', '2018-12-12 21:34:02 +0000 +0000');
INSERT INTO "admin_navigation_node" ("id", "admin_navigation_id", "route_action", "title", "sort", "created_at", "updated_at") VALUES (10, 6, 'app/controllers/background.GetUserList', '列表', 1, '2018-12-12 21:35:08 +0000 +0000', '2018-12-12 21:35:08 +0000 +0000');
INSERT INTO "admin_navigation_node" ("id", "admin_navigation_id", "route_action", "title", "sort", "created_at", "updated_at") VALUES (11, 3, 'Background\Ruiec\ContentController@getRecycleList', '列表', 1, '2018-12-12 21:36:40 +0000 +0000', '2018-12-12 21:36:40 +0000 +0000');
INSERT INTO "admin_navigation_node" ("id", "admin_navigation_id", "route_action", "title", "sort", "created_at", "updated_at") VALUES (12, 5, 'app/controllers/background.GetUserList', '列表', 1, '2018-12-12 21:37:42 +0000 +0000', '2018-12-12 21:37:42 +0000 +0000');
INSERT INTO "admin_navigation_node" ("id", "admin_navigation_id", "route_action", "title", "sort", "created_at", "updated_at") VALUES (13, 5, 'app/controllers/background.GetUserCreate', '添加', 2, '2018-12-12 21:37:42 +0000 +0000', '2018-12-12 21:37:42 +0000 +0000');
INSERT INTO "admin_navigation_node" ("id", "admin_navigation_id", "route_action", "title", "sort", "created_at", "updated_at") VALUES (14, 8, 'app/controllers/background.GetUserList', '列表', 1, '2018-12-19 10:24:25 +0000 +0000', '2018-12-19 10:24:25 +0000 +0000');
INSERT INTO "admin_navigation_node" ("id", "admin_navigation_id", "route_action", "title", "sort", "created_at", "updated_at") VALUES (16, 7, 'Background\Ruiec\ContentController@getRecycleList', '23', 99, '2018-12-19 10:32:49 +0000 +0000', '2018-12-19 10:32:49 +0000 +0000');
SELECT setval('table_id_seq', COALESCE((SELECT MAX(id) FROM "admin_navigation_node"), 1), false);

CREATE TABLE IF NOT EXISTS "admin_role" ("id" SERIAL PRIMARY KEY  NOT NULL, "role_name" VARCHAR(255) NULL, "is_super" BOOL DEFAULT false NULL, "is_sys" BOOL DEFAULT true NULL, "describe" VARCHAR(255) NULL, "created_at" TIMESTAMP NULL, "updated_at" TIMESTAMP NULL);
CREATE UNIQUE INDEX "UQE_admin_role_role_name" ON "admin_role" ("role_name");
INSERT INTO "admin_role" ("id", "role_name", "is_super", "is_sys", "describe", "created_at", "updated_at") VALUES (1, '超级管理员', true, true, '', '2018-10-19 20:36:24 +0000 +0000', '2018-10-19 20:36:24 +0000 +0000');
INSERT INTO "admin_role" ("id", "role_name", "is_super", "is_sys", "describe", "created_at", "updated_at") VALUES (2, '普通管理员', false, true, '', '2018-10-19 20:36:24 +0000 +0000', '2018-11-27 21:18:15 +0000 +0000');
SELECT setval('table_id_seq', COALESCE((SELECT MAX(id) FROM "admin_role"), 1), false);

CREATE TABLE IF NOT EXISTS "role_node" ("id" SERIAL PRIMARY KEY  NOT NULL, "role_id" INTEGER NOT NULL, "admin_navigation_id" INTEGER NOT NULL, "admin_navigation_node" VARCHAR(255) NULL, "created_at" TIMESTAMP NULL, "updated_at" TIMESTAMP NULL);
SELECT setval('table_id_seq', COALESCE((SELECT MAX(id) FROM "role_node"), 1), false);

CREATE TABLE IF NOT EXISTS "role" ("id" SERIAL PRIMARY KEY  NOT NULL, "role_name" VARCHAR(255) NULL, "is_super" BOOL DEFAULT false NULL, "is_sys" BOOL DEFAULT true NULL, "describe" VARCHAR(255) NULL, "created_at" TIMESTAMP NULL, "updated_at" TIMESTAMP NULL);
CREATE UNIQUE INDEX "UQE_role_role_name" ON "role" ("role_name");
INSERT INTO "role" ("id", "role_name", "is_super", "is_sys", "describe", "created_at", "updated_at") VALUES (2, '普通管理员', false, true, '', '2018-10-19 20:36:24 +0000 +0000', '2018-11-27 21:18:15 +0000 +0000');
INSERT INTO "role" ("id", "role_name", "is_super", "is_sys", "describe", "created_at", "updated_at") VALUES (1, '超级管理员', true, true, '', '2018-10-19 20:36:24 +0000 +0000', '2018-12-27 16:24:07 +0000 +0000');
SELECT setval('table_id_seq', COALESCE((SELECT MAX(id) FROM "role"), 1), false);

CREATE TABLE IF NOT EXISTS "admin_role_node" ("id" INTEGER PRIMARY KEY NOT NULL, "admin_role_id" BIGINT NOT NULL, "admin_navigation_id" BIGINT NOT NULL, "created_at" TIMESTAMP NULL, "updated_at" TIMESTAMP NULL);

CREATE TABLE IF NOT EXISTS "admin_role_node_routes" ("id" INTEGER PRIMARY KEY NOT NULL, "admin_role_id" BIGINT NOT NULL, "admin_navigation_node_id" BIGINT NOT NULL, "created_at" TIMESTAMP NULL, "updated_at" TIMESTAMP NULL);
